Billboard Artist,map_artist,Feature Artist
213,213,
12 Gauge,12 Gauge,
2 Bigg M.C.,2 Bigg M.C.,
2 Black 2 Strong MMG,2 Black 2 Strong MMG,
2 Chainz,2 Chainz,
2 Chainz & Wiz Khalifa,2 Chainz,Wiz Khalifa
2 Chainz x Gucci Mane x Quavo,2 Chainz,"Gucci Mane,Quavo"
2 Kings In A Cipher,2 Kings In A Cipher,
2 Pistols,2 Pistols,
21 Savage,21 Savage,
21 Savage & Metro Boomin,21 Savage,
"21 Savage, Offset & Metro Boomin",21 Savage,Offset
2nd II None,2nd II None,
2Pac,2Pac,
2Pac Duet With Mopreme,2Pac,Mopreme
"2Pac, Notorious B.I.G., Radio, Dramacydal & Stretch",2Pac,"Notorious B.I.G.,Radio,Dramacydal,Stretch"
3rd Bass,3rd Bass,
3X Krazy,3X Krazy,
40K Crew,40K Crew,
4th Avenue Jones',4th Avenue Jones,
50 Cent,50 Cent,
50 Cent & Olivia,50 Cent,Olivia
504 Boyz,504 Boyz,
5CENT,5CENT,
6 Tre G,6 Tre G,
69 Boyz,69 Boyz,
6ix9ine,6ix9ine,
6LACK,6LACK,
7L & Esoteric,7L & Esoteric,
812 Souljaz,812 Souljaz,
8Ball & MJG,8Ball & MJG,
95 South,95 South,
A Boogie Wit da Hoodie,A Boogie Wit da Hoodie,
A Tribe Called Quest,A Tribe Called Quest,
A.D.O.R.,A.D.O.R.,
A+,A+,
A$AP Ferg,A$AP Ferg,
A$AP Rocky,A$AP Rocky,
"A$AP Rocky F/Kendrick Lamar, Joey Bada$$, YelaWolf, Danny Brown, Action Bronson & Big K.R.",A$AP Rocky,"Kendrick Lamar,Joey Bada$$,YelaWolf,Danny Brown,Action Bronson,Big K.R.I.T."
Above The Law,Above The Law,
Ace Hood,Ace Hood,
Action Bronson,Action Bronson,
Afroman,Afroman,
Afu-Ra,Afu-Ra,
Akinyele,Akinyele,
Al Tariq (Kool Fash),Al Tariq (Kool Fash),
All City,All City,
Alley Life,Alley Life,
AMG,AMG,
Amine,Amine,
Ampichino,Ampichino,
Angie Martinez,Angie Martinez,
Antoinette,Antoinette,
Apache,Apache,
Arabian Prince,Arabian Prince,
Arrested Development,Arrested Development,
Artifacts,Artifacts,
Asher Roth,Asher Roth,
Audio Two,Audio Two,
Awesome Dre & The Hard Core Committee,Awesome Dre & The Hard Core Committee,
Ayatollah,Ayatollah,
Ayo & Teo,Ayo & Teo,
AZ,AZ,
B Da Outta Sight Child,B Da Outta Sight Child,
B-Rock & The Bizz,B-Rock & The Bizz,
B.G.,B.G.,
B.L.H.U.N.T.,B.L.H.U.N.T.,
B.o.B,B.o.B,
Baby,Baby,
Baby Bash,Baby Bash,
Baby Boy Da Prince,Baby Boy Da Prince,
Baby DC,Baby DC,
Baby S,Baby S,
Bad Azz,Bad Azz,
Bad Boy's Da Band,Bad Boy's Da Band,
Bad Meets Evil,Bad Meets Evil,
Bahamadia,Bahamadia,
Bandit Gang Marco,Bandit Gang Marco,
BDP,BDP,
Beanie Sigel,Beanie Sigel,
Bear Witnez!,Bear Witnez!,
Beastie Boys,Beastie Boys,
Becky G,Becky G,
Beelow,Beelow,
Beenie Man,Beenie Man,
Belly,Belly,
Benzino,Benzino,
Bhad Bhabie,Bhad Bhabie,
Big Daddy Kane,Big Daddy Kane,
Big Gank,Big Gank,
Big Geminii,Big Geminii,
Big L,Big L,
Big Lew BKA Popeye Reds,Big Lew BKA Popeye Reds,
Big Logic,Big Logic,
Big Pope,Big Pope,
Big Punisher,Big Punisher,
Big Sean,Big Sean,
Big Tymers,Big Tymers,
Bigga Figgaz,Bigga Figgaz,
Birdman,Birdman,
Birdman & Lil Wayne,Birdman,Lil Wayne
Bishop Briggs,Bishop Briggs,
Biz Markie,Biz Markie,
Blac Haze,Blac Haze,
Black Dave,Black Dave,
Black Maddness,Black Maddness,
Black Miss,Black Miss,
Black Moon,Black Moon,
Black Rob,Black Rob,
Black Rock 'N' Ron,Black Rock 'N' Ron,
Black Sheep,Black Sheep,
Blahzay Blahzay,Blahzay Blahzay,
Bobby Brackins,Bobby Brackins,
Bobby Jimmy & The Critters,Bobby Jimmy & The Critters,
Bobby Shmurda,Bobby Shmurda,
Bobcat,Bobcat,
Body & Soul,Body & Soul,
Body Head Bangerz,Body Head Bangerz,
Bone,Bone,
Bone Crusher,Bone Crusher,
Bone Thugs-N-Harmony,Bone Thugs-N-Harmony,
Boobakaw And Tha Wild Younginz,Boobakaw And Tha Wild Younginz,
Boogie Down Productions,Boogie Down Productions,
Born Jamericans,Born Jamericans,
Boss,Boss,
Bounty Killa,Bounty Killa,
Bounty Killer,Bounty Killer,
Bow Wow,Bow Wow,
Bow Wow & Omarion,Bow Wow,Omarion
Boyz N Da Hood,Boyz N Da Hood,
Brand Nubian,Brand Nubian,
Breeze,Breeze,
Brotherhood Creed,Brotherhood Creed,
Brothers Uv Da Blakmarket,Brothers Uv Da Blakmarket,
Brown Boy,Brown Boy,
Bubba Sparxxx,Bubba Sparxxx,
Buck 22,Buck 22,
Buddha Monk,Buddha Monk,
Bumpy Knuckles,Bumpy Knuckles,
Bun-B,Bun-B,
Bushwick Bill,Bushwick Bill,
Busta Rhymes,Busta Rhymes,
Busta Rhymes & Mariah Carey,Busta Rhymes,Mariah Carey
BWP,BWP,
C-Side,C-Side,
C. Webb,C. Webb,
C.E.B.,C.E.B.,
C.P.O.,C.P.O.,
Ca$h Out,Ca$h Out,
Cadillac Don & J-Money,Cadillac Don & J-Money,
Cage,Cage,
Cali Swag District,Cali Swag District,
Calvin Harris,Calvin Harris,
Cam'Ron,Cam'Ron,
Cam'ron,Cam'Ron,
Camara,Camara,
Camp Lo,Camp Lo,
Candyman,Candyman,
Canibus,Canibus,
Capleton,Capleton,
Capone -N- Noreaga,Capone-N-Noreaga,
Caponiac,Caponiac,
Cardan (,Cardan,
Cardi B,Cardi B,
Cash & Computa,Cash & Computa,
Cash Money & Marvelous,Cash Money & Marvelous,
Cash Money Millionaires,Cash Money Millionaires,
Cassidy,Cassidy,
Casual,Casual,
Cee-Lo,Cee-Lo,
Chaka Demus & Pliers,Chaka Demus & Pliers,
Chalie Boy,Chalie Boy,
Cham,Cham,
Chamillionaire,Chamillionaire,
Champtown Introducing D'Phuzion,Champtown Introducing D'Phuzion,
Chance The Rapper,Chance The Rapper,
Channel Live,Channel Live,
Charli Baltimore,Charli Baltimore,
Cheba,Cheba,
Chedda Da Connect,Chedda Da Connect,
Chi-Ali,Chi-Ali,
Chief Keef,Chief Keef,
Childish Gambino,Childish Gambino,
Chilldrin Of Da Ghetto,Chilldrin Of Da Ghetto,
Chingy,Chingy,
Chino Nino,Chino Nino,
Chocolate Bandit,Chocolate Bandit,
Chris Brown,Chris Brown,
Chris Brown & Tyga,Chris Brown,Tyga
Chubb Rock,Chubb Rock,
Chubb Rock With Howie Tee,Chubb Rock,Howie Tee
Chuck Smooth,Chuck Smooth,
City High,City High,
Clipse,Clipse,
Clyde Carson,Clyde Carson,
Cocoa Brovaz,Cocoa Brovaz,
Collie Buddz,Collie Buddz,
Colonel Loud,Colonel Loud,
Common,Common,
Common & John Legend,Common,John Legend
Common Sense,Common Sense,
Compton's Most Wanted,Compton's Most Wanted,
Coo Coo Cal,Coo Coo Cal,
Cool Breeze,Cool Breeze,
Cool C,Cool C,
Coolio,Coolio,
Cosmic Slop Shop,Cosmic Slop Shop,
Craig Mack,Craig Mack,
Craig-G,Craig-G,
Crime Mob,Crime Mob,
Crimewave,Crimewave,
Criminal Nation,Criminal Nation,
CRU,CRU,
Crucial Conflict,Crucial Conflict,
Cuban Link,Cuban Link,
Curren$Y,Curren$Y,
Cypress Hill,Cypress Hill,
D-Don,D-Don,
D-Nice,D-Nice,
D.J. Chuck Chillout And Kool Chip,D.J. Chuck Chillout,Kool Chip
D.J. Jazzy Jeff & The Fresh Prince,D.J. Jazzy Jeff & The Fresh Prince,
D.J. Trans,D.J. Trans,
D.R.A.M.,D.R.A.M.,
D'Meka,D'Meka,
D&D Allstars,D&D Allstars,
D12,D12,
D4L,D4L,
Da Beatminerz,Da Beatminerz,
Da Brat,Da Brat,
Da Fat Cat Clique,Da Fat Cat Clique,
Da King & I,Da King & I,
Da Lench Mob,Da Lench Mob,
Da Youngsta's,Da Youngsta's,
Daddy Yankee,Daddy Yankee,
Daddy-O,Daddy-O,
Dae Dae,Dae Dae,
"Damian ""Jr. Gong"" Marley","Damian ""Jr. Gong"" Marley",
Damizza Presents Shade Sheist,Damizza Presents Shade Sheist,
Dana Dane,Dana Dane,
"Danny ""D"" & D.J. ""Wiz""","Danny ""D"" & D.J. ""Wiz""",
Darkside Ballaz,Darkside Ballaz,
Darq Age,Darq Age,
Das EFX,Das EFX,
Das EFX (,Das EFX,
David Banner,David Banner,
David Bowie With Queen Latifah,David Bowie,Queen Latifah
De La Soul,De La Soul,
Def Dames,Def Dames,
Def Jef,Def Jef,
Definition Of Sound,Definition Of Sound,
DeJ Loaf,DeJ Loaf,
Del The Funky Homosapien,Del The Funky Homosapien,
Delinquent Habits,Delinquent Habits,
Dem Franchize Boyz,Dem Franchize Boyz,
Dena Cali,Dena Cali,
Dennis Da Menace,Dennis Da Menace,
Desiigner,Desiigner,
"Devyne Stephens ""The Entertainer""","Devyne Stephens ""The Entertainer""",
DFC,DFC,
DFC (Duet With MC Eiht),DFC,MC Eiht
Diamond & Psychotic Neurotics,Diamond & Psychotic Neurotics,
Diddy,Diddy,
Diddy - Dirty Money,Diddy - Dirty Money,
Digable Planets,Digable Planets,
Diggy,Diggy,
Digital Underground,Digital Underground,
Dilated Peoples,Dilated Peoples,
Dis `N' Dat,Dis `N' Dat,
Divine Styler,Divine Styler,
DJ Class,DJ Class,
DJ Clue,DJ Clue,
DJ Design,DJ Design,
DJ Drama,DJ Drama,
DJ ESCO,DJ ESCO,
DJ Felli Fel,DJ Felli Fel,
DJ Honda,DJ Honda,
DJ Hurricane,DJ Hurricane,
"DJ Hurricane With Xzibit, Big Gipp and Pharoahe Monch",DJ Hurricane,"Xzibit,Big Gipp,Pharoahe Monch"
DJ Khaled,DJ Khaled,
DJ Khaled & Calvin Harris,DJ Khaled,Calvin Harris
DJ Kool,DJ Kool,
DJ Luke Nasty,DJ Luke Nasty,
DJ Quik,DJ Quik,
DJ S&S,DJ S&S,
DJ Smurf,DJ Smurf,
DJ Smurf And P.M.H.I.,DJ Smurf And P.M.H.I.,
DJ Snake & Lil Jon,DJ Snake,Lil Jon
DJ Taz,DJ Taz,
DLOW,DLOW,
DMX,DMX,
"DMX, Method Man, NAS, Ja Rule",DMX,"Method Man,Nas,Ja Rule"
Do Or Die,Do Or Die,
Do Or Die (,Do Or Die,
Doc Box & B. Fresh,Doc Box & B. Fresh,
Doctor Dre & Ed Lover,Dr. Dre,Ed Lover
Dolla,Dolla,
Domino,Domino,
Donald-D,Donald-D,
Dorrough,Dorrough,
Double XX,Double XX,
Doug E. Fresh,Doug E. Fresh,
Doug E. Fresh & The Get Fresh Crew,Doug E. Fresh,
Down A.K.A. Kilo,Down A.K.A. Kilo,
Dr. Dre,Dr. Dre,
Dr. Dre Introducing Snoop Doggy Dogg,Dr. Dre,Snoop Dogg
Drag-On & Juvenile,Drag-On,Juvenile
Drake,Drake,
Drake & Future,Drake,Future
Drama,Drama,
Dred Scott,Dred Scott,
Dres,Dres,
Driicky Graham,Driicky Graham,
Drop City Yacht Club,Drop City Yacht Club,
Dru Down,Dru Down,
Drunken Master,Drunken Master,
E-40,E-40,
E-40 (,E-40,
"E-40 With YG, iAMSU! & Problem",E-40,"YG,iAMSU!,Problem"
E-A-Ski,E-A-Ski,
E.U.,E.U.,
Eazy-E,Eazy-E,
ED O.G & DA Bulldogs,ED O.G,DA Bulldogs
EL-P,EL-P,
Elephant Man,Elephant Man,
Eminem,Eminem,
"Eminem, 50 Cent & Busta Rhymes",Eminem,"50 Cent,Busta Rhymes"
"Eminem, Dr. Dre & 50 Cent",Eminem,"Dr. Dre,50 Cent"
Empty Mynd,Empty Mynd,
EPMD,EPMD,
Eric B. & Rakim,Eric B. & Rakim,
Erick Sermon,Erick Sermon,
Eve,Eve,
Eve & Jadakiss,Eve,Jadakiss
F.L.Y. (Fast Life Yungstaz),F.L.Y. (Fast Life Yungstaz),
F.S. Effect,F.S. Effect,
Fabolous,Fabolous,
Facez Of Death,Facez Of Death,
Far East Movement & Riff Raff,Far East Movement,Riff Raff
Far*East Movement,Far East Movement,
Fat Joe,Fat Joe,
Fat Joe (,Fat Joe,
Fat Joe & P. Diddy,Fat Joe,P. Diddy
"Fat Joe, Remy Ma & Jay Z",Fat Joe,"Remy Ma,Jay Z"
Fat Pat,Fat Pat,
Father,Father,
Father M.C.,Father M.C.,
Fatman Scoop & Crooklyn Clan,Fatman Scoop,Crooklyn Clan
Fergie,Fergie,
Fetty Wap,Fetty Wap,
Field Mob,Field Mob,
Fifteen,Fifteen,
Flexx G.,Flexx G.,
Flo Rida,Flo Rida,
Fonke Socialistiks,Fonke Socialistiks,
Foxy Brown,Foxy Brown,
Frankie Cutlass,Frankie Cutlass,
Fraze,Fraze,
Freak Nasty,Freak Nasty,
Freddie Foxxx Bumpy Knuckles,Freddie Foxxx Bumpy Knuckles,
French Montana,French Montana,
Fu-Schnickens,Fu-Schnickens,
Fu-Schnickens W/ Shaquille O'Neal,Fu-Schnickens,Shaquille O'Neal
Fugees,Fugees,
Funkdoobiest,Funkdoobiest,
Funkmaster Flex,Funkmaster Flex,
Funkmaster Flex & Big Kap,Funkmaster Flex,Big Kap
Funkmaster Flex & The Ghetto Celebs,Funkmaster Flex,The Ghetto Celebs
Future,Future,
Future & Young Thug,Future,Young Thug
G Unit,G Unit,
G-Eazy,G-Eazy,
G-Eazy & Halsey,G-Eazy,Halsey
G-Eazy & Kehlani,G-Eazy,Kehlani
G-Eazy x Bebe Rexha,G-Eazy,Bebe Rexha
G-Unit,G-Unit,
G. Dep,G. Dep,
Game,Game,
Gang Starr,Gang Starr,
Gangsta Boo,Gangsta Boo,
General Grant,General Grant,
Genius/GZA,GZA,
George Clinton,George Clinton,
Gerardo,Gerardo,
Geto Boys,Geto Boys,
Ghetto Girlz,Ghetto Girlz,
Ghostface Killah,Ghostface Killah,
Glasses Malone,Glasses Malone,
gnash,gnash,
Gold,Gold,
GoldLink,GoldLink,
Goodie Mob,Goodie Mob,
Gorilla Zoe,Gorilla Zoe,
Grand Puba,Grand Puba,
Grandaddy I.U.,Grandaddy I.U.,
Grandmaster Slice,Grandmaster Slice,
Grandmaster Slice & Izzy Chill,Grandmaster Slice,Izzy Chill
Green Eyez,Green Eyez,
Greyson & Jason,Greyson & Jason,
Group Home,Group Home,
GS Boyz,GS Boyz,
Gucci Crew II,Gucci Crew II,
Gucci Mane,Gucci Mane,
Gucci Mane & Drake,Gucci Mane,Drake
Gucci Mane & Nicki Minaj,Gucci Mane,Nicki Minaj
Guerilla Black,Guerilla Black,
GZA/Genius,GZA,
GZA,GZA,
H.E.A.L.,H.E.A.L.,
H.M.H.,H.M.H.,
Half-A-Mill,Half-A-Mill,
Hansoul,Hansoul,
Havana,Havana,
Heat,Heat,
Heather B.,Heather B.,
Heavy D & The Boyz,Heavy D & The Boyz,
Heltah Skeltah,Heltah Skeltah,
Heltah Skeltah And O.G.C. As The Fab 5,Heltah Skeltah And O.G.C. As The Fab 5,
Hen G & Evil E,Hen G & Evil E,
Hen-Gee & Evil-E,Hen-G & Evil-E,
Hev-D,Hev-D,
Hi-C,Hi-C,
Hi-Tek,Hi-Tek,
Hi-Town DJs,Hi-Town DJs,
High Performance,High Performance,
Hip Hop For Respect,Hip Hop For Respect,
Hitman Sammy Sam,Hitman Sammy Sam,
Ho Frat Ho!,Ho Frat Ho!,
Home Team,Home Team,
Hoodie Allen,Hoodie Allen,
Hoodratz,Hoodratz,
Hot Ones,Hot Ones,
Hot Stylz,Hot Stylz,
House Of Pain,House Of Pain,
Houston,Houston,
Huey,Huey,
Hurricane Chris,Hurricane Chris,
Hurricane G,Hurricane G,
Hustle Gang,Hustle Gang,
I-Wayne,I-Wayne,
Ice Cream Tee,Ice Cream Tee,
Ice Cube,Ice Cube,
Ice-T,Ice-T,
Icey Jaye,Icey Jaye,
Iconz,Iconz,
Iggy Azalea,Iggy Azalea,
Ike Jackson Presents Tom Paper,Ike Jackson Presents Tom Paper,
Ill Al Skratch,Ill Al Skratch,
Illegal,Illegal,
iLoveMemphis,iLoveMemphis,
Indo G,Indo G,
Infamous Syndicate,Infamous Syndicate,
Intelligent Hoodlum,Intelligent Hoodlum,
Intoxicated,Intoxicated,
Irv Gotti Presents The Inc.,The Inc.,
J Balvin,J Balvin,
J-Kwon,J-Kwon,
J. Cole,J. Cole,
J. Dash,J. Dash,
J.A.G.,J.A.G.,
Ja Rule,Ja Rule,
Jack & Jack,Jack & Jack,
Jadakiss,Jadakiss,
Jahari,Jahari,
Jailbird,Jailbird,
Jamal,Jamal,
Jay Z,Jay Z,
Jay Z Kanye West,Jay Z,Kanye West
Jay-Z,Jay-Z,
JAY-Z,Jay-Z,
Jay-Z & T.I.,Jay-Z,T.I.
Jay-Z + Alicia Keys,Jay-Z,Alicia Keys
Jay-Z + Mr. Hudson,Jay-Z,Mr. Hudson
Jay-Z + Swizz Beatz,Jay-Z,Swizz Beatz
"Jay-Z, Beanie Sigel And Memphis Bleek",Jay-Z,"Beanie Sigel,Memphis Bleek"
"Jay-Z, Rihanna & Kanye West",Jay-Z,"Rihanna,Kanye West"
Jaz-O & The Immobilarie,Jaz-O & The Immobilarie,
Jazzy Jeff & The Fresh Prince,DJ Jazzy Jeff & The Fresh Prince,
JD,JD,
Jeezy,Jeezy,
Jermaine Dupri,Jermaine Dupri,
Jermaine Dupri & NAS,Jermaine Dupri,Nas
Jeru The Damaja,Jeru The Damaja,
Jibbs,Jibbs,
Jibri Wise One,Jibri Wise One,
Jim Jones,Jim Jones,
Jim Jones & Ron Browz,Jim Jones,Ron Browz
Jimmy Fallon,Jimmy Fallon,
Joe Budden,Joe Budden,
Joey Chavez Presents The Original Structure,Joey Chavez Presents The Original Structure,
John Forte,John Forte,
John Got'ti,John Got'ti,
Jonell & Method Man,Jonell,Method Man
Jovishes,Jovishes,
"Joyce ""Fenderella"" Irby","Joyce ""Fenderella"" Irby",
JT Money,JT Money,
Juelz Santana,Juelz Santana,
Juicy J,Juicy J,
"Juicy J, Wiz Khalifa & Ty Dolla $ign",Juicy J,"Wiz Khalifa,Ty Dolla $ign"
Jungle Brothers,Jungle Brothers,
Junior M.A.F.I.A.,Junior M.A.F.I.A.,
Jurassic 5,Jurassic 5,
Justin Warfield,Justin Warfield,
Juvenile,Juvenile,
"Juvenile, Wacko & Skip",Juvenile,"Wacko,Skip"
K Camp,K Camp,
K-9 Posse,K-9 Posse,
K-Solo,K-Solo,
K.M.D.,K.M.D.,
K.P. & Envyi,K.P. & Envyi,
K7,K7,
Kalin And Myles,Kalin And Myles,
Kam,Kam,
Kane & Abel,Kane & Abel,
Kanye West,Kanye West,
Kanye West Jay Z,Kanye West,Jay-Z
"Kanye West, Big Sean, Pusha T, 2 Chainz",Kanye West,"Big Sean,Pusha T,2 Chainz"
"Kanye West, Jay-Z, Big Sean",Kanye West,"Jay-Z,Big Sean"
"Kanye West, R. Kelly",Kanye West,R. Kelly
Kardinal Offishall,Kardinal Offishall,
KCamp,KCamp,
Keith Murray,Keith Murray,
Keith Sweat,Keith Sweat,
Kendrick Lamar,Kendrick Lamar,
Kenny B Devine,Kenny B Devine,
Kenny Dope,Kenny Dope,
Kent Jones,Kent Jones,
Kevin Gates,Kevin Gates,
Khia,Khia,
Kia Shine,Kia Shine,
Kid 'N Play,Kid 'N Play,
Kid Capri,Kid Capri,
Kid Cudi,Kid Cudi,
Kid Frost,Kid Frost,
Kid Ink,Kid Ink,
"Kid Ink, Tyga, Wale, YG & Rich Homie Quan",Kid Ink,"Tyga,Wale,YG,Rich Homie Quan"
Kid Sensation,Kid Sensation,
Killarmy,Killarmy,
Killer Mike,Killer Mike,
Kilo,Kilo,
Kinfusion,Kinfusion,
King Tee,King Tee,
Kingpin Skinny Pimp,Kingpin Skinny Pimp,
Kings Of Swing,Kings Of Swing,
Kinsu,Kinsu,
Kirko Bangz,Kirko Bangz,
"Knoc-Turn'Al With Dr. Dre & Missy ""Misdemeanor"" Elliott",Knoc-Turn'Al,"Dr. Dre,Missy Elliott"
Knucklehedz,Knucklehedz,
Kodak Black,Kodak Black,
Kodiak,Kodiak,
Kool G Rap,Kool G Rap,
Kool G Rap & D.J. Polo,Kool G Rap,D.J. Polo
Kool Keith,Kool Keith,
Kool Moe Dee,Kool Moe Dee,
Kreayshawn,Kreayshawn,
Kris Kross,Kris Kross,
KRS-One,KRS-One,
"KRS-One F/Buckshot, Cam'ron, Keith Murray, Killah Priest, Prodigy, Redman, Run & Viligante",KRS-One,"Buckshot,Cam'ron,Keith Murray,Killah Priest,Prodigy,Redman,Run & Viligante"
Kwame,Kwame,
Kwame & A New Beginning,Kwame,A New Beginning
KYLE,KYLE,
Kyper,Kyper,
L.A.D.,L.A.D.,
L.B.C. Crew,L.B.C. Crew,
Lady Saw & Marsha,Lady Saw,Marsha
Large Professor And Neek The Exotic,Large Professor,Neek The Exotic
Larry Larr,Larry Larr,
Latin Alliance,Latin Alliance,
Lauryn Hill,Lauryn Hill,
Leaders Of The New School,Leaders Of The New School,
Lecrae,Lecrae,
Legend,Legend,
Levert Agee,Levert Agee,
Lighter Shade Of Brown,Lighter Shade Of Brown,
Lil Boosie,Lil Boosie,
Lil Bow Wow,Lil Bow Wow,
Lil Bud & Tizone,Lil Bud,Tizone
Lil Dicky,Lil Dicky,
Lil Durk & DeJ Loaf,Lil Durk,DeJ Loaf
Lil Jon,Lil Jon,
Lil Jon & The East Side Boyz,Lil Jon,The East Side Boyz
Lil Kim,Lil Kim,
Lil Mama,Lil Mama,
Lil Pump,Lil Pump,
Lil Rob,Lil Rob,
Lil Scrappy,Lil Scrappy,
Lil Uzi Vert,Lil Uzi Vert,
Lil Wayne,Lil Wayne,
Lil Wayne & Charlie Puth,Lil Wayne,Charlie Puth
"Lil Wayne, Wiz Khalifa & Imagine Dragons With Logic & Ty Dolla $ign",Lil Wayne,"Wiz Khalifa,Imagine Dragons,Logic,Ty Dolla $ign"
Lil Wil,Lil Wil,
Lil Xan,Lil Xan,
Lil Yachty,Lil Yachty,
Lil' Boosie,Lil' Boosie,
Lil' Boosie & Webbie,Lil' Boosie,Webbie
Lil' Cease,Lil' Cease,
Lil' Flip,Lil' Flip,
Lil' Kim,Lil' Kim,
Lil' O,Lil' O,
Lil' Rachett,Lil' Rachett,
Lil' Romeo,Lil' Romeo,
Lil' Ru,Lil' Ru,
Lil' Shawn,Lil' Shawn,
Lil' Zane,Lil' Zane,
Limp Bizkit,Limp Bizkit,
Lin Que,Lin Que,
LL Cool J,LL Cool J,
Lloyd Banks,Lloyd Banks,
LMFAO,LMFAO,
Logic,Logic,
Loko,Loko,
Loon,Loon,
Lord Finesse,Lord Finesse,
Lord Tariq & Peter Gunz,Lord Tariq & Peter Gunz,
Lords Of The Underground,Lords Of The Underground,
Lost Boyz,Lost Boyz,
Louie Rankin,Louie Rankin,
LoveRance,LoveRance,
Low Life Organization,Low Life Organization,
Low Profile,Low Profile,
Lox,Lox,
"Lox, DMX, Drag-On & Eve","Lox, DMX, Drag-On & Eve",
LT. Stitchie,LT. Stitchie,
Ludacris,Ludacris,
Ludacris & Field Mob,Ludacris,Field Mob
Ludacris Co-Staring Plies,Ludacris,Plies
Ludacris Co-Starring Chris Brown & Sean Garrett,Ludacris,"Chris Brown,Sean Garrett"
Ludacris Co-Starring T-Pain,Ludacris,T-Pain
"Ludacris, LL Cool J & Keith Murray",Ludacris,"LL Cool J,Keith Murray"
Luke,Luke,
LunchMoney Lewis,LunchMoney Lewis,
Luniz,Luniz,
Lupe Fiasco,Lupe Fiasco,
Lupe Fiasco & Guy Sebastian,Lupe Fiasco,Guy Sebastian
M.C. Brains,M.C. Brains,
M.C. Breed,M.C. Breed,
M.C. Breed & D.F.C.,M.C. Breed,D.F.C.
M.C. Hammer,M.C. Hammer,
M.C. Jr. Cas,M.C. Jr. Cas,
M.C. Shy-D,M.C. Shy-D,
M.C. Smooth,M.C. Smooth,
M.C. Trouble,M.C. Trouble,
M.I.A.,M.I.A.,
M.O.P.,M.O.P.,
Mac Miller,Mac Miller,
Machine Gun Kelly,Machine Gun Kelly,
Machine Gun Kelly x Camila Cabello,Machine Gun Kelly,Camila Cabello
Mack 10,Mack 10,
Mack 10 & Tha Dogg Pound,Mack 10,Tha Dogg Pound
Macklemore,Macklemore,
Macklemore & Ryan Lewis,Macklemore,Ryan Lewis
Mad Cobra,Mad Cobra,
Mad Dog Clique,Mad Dog Clique,
Mad Lion,Mad Lion,
MadeinTYO,MadeinTYO,
Maestro Fresh-Wes,Maestro Fresh-Wes,
Mag 7,Mag 7,
Magoo And Timbaland,Magoo,Timbaland
Main Source,Main Source,
Maino,Maino,
Major Figgas,Major Figgas,
Major Lazer,Major Lazer,
Mamado & She,Mamado & She,
Mann,Mann,
Mario,Mario,
Mark Dee,Mark Dee,
Marky Mark & The Funky Bunch,Marky Mark & The Funky Bunch,
Marley Marl,Marley Marl,
Mase,Mase,
Masta Ace Incorporated,Masta Ace Incorporated,
Master Ace,Master Ace,
Master P,Master P,
Maurice Malone Presents Bullets And Gunsmoke,Maurice Malone Presents Bullets And Gunsmoke,
Mavado,Mavado,
MC Eiht,MC Eiht,
MC Luscious,MC Luscious,
MC Lyte,MC Lyte,
MC Lyte & DJ K Rock,MC Lyte,DJ K Rock
MC Ren,MC Ren,
MC Serch,MC Serch,
MC Sway & DJ King Tech,MC Sway,DJ King Tech
Medina Green,Medina Green,
Meek Mill,Meek Mill,
Mellow Man Ace,Mellow Man Ace,
Memphis Bleek,Memphis Bleek,
Memphis Bleek (& Jay-Z),Memphis Bleek,Jay-Z
Mercedes,Mercedes,
MeShell Ndegeocello,MeShell Ndegeocello,
Method Man,Method Man,
Method Man & Redman,Method Man,Redman
Metro Boomin,Metro Boomin,
Mia X,Mia X,
Mic Geronimo,Mic Geronimo,
Michael Wall Love Foundation,Michael Wall Love Foundation,
Midwest Mafia,Midwest Mafia,
Migos,Migos,
"Migos, Nicki Minaj & Cardi B",Migos,"Nicki Minaj,Cardi B"
Mike Jones,Mike Jones,
Mike WiLL Made-It,Mike WiLL Made-It,
Miles Davis,Miles Davis,
Militia,Militia,
Milli Vanilli,Milli Vanilli,
Mims,Mims,
Minott,Minott,
Miracle,Miracle,
"Missy ""Misdemeanor"" Elliott",Missy Elliott,
Missy Elliott,Missy Elliott,
Missy Mist,Missy Mist,
Mista Grimm,Mista Grimm,
Mo Thugs Family,Mo Thugs Family,
Mobb Deep,Mobb Deep,
Monie,Monie,
Monie Love,Monie Love,
Mos Def,Mos Def,
Mos Def & Kweli Are Black Star,Mos Def,Talib Kweli
Mos Def & Pharoahe Monch,Mos Def,Pharoahe Monch
Mos Def & Talib Kweli Are Black Star,Mos Def,Talib Kweli
Mozae,Mozae,
Mr. Cheeks,Mr. Cheeks,
Mr. Lee,Mr. Lee,
Mr. Mike,Mr. Mike,
Mr. Money Loc,Mr. Money Loc,
Mr. Short Khop,Mr. Short Khop,
Ms. Jade,Ms. Jade,
Ms. Melodie,Ms. Melodie,
Mullage,Mullage,
"Murda-1, Nittie, Lil Gangsta, Short, Heron, V.S.",Murda-1,"Nittie,Lil Gangsta,Short,Heron,V.S."
Murphy Lee,Murphy Lee,
Mykko Montana,Mykko Montana,
Mystikal,Mystikal,
N.O.R.E.,N.O.R.E.,
N.W.A,N.W.A,
N*E*R*D & Rihanna,N*E*R*D,Rihanna
N2Deep,N2Deep,
Nadanuf,Nadanuf,
Nappy Roots,Nappy Roots,
Nas,Nas,
NAS,Nas,
Nasty Nas,Nas,
Nastyboy Klick,Nastyboy Klick,
Nature,Nature,
Naughty By Nature,Naughty By Nature,
NAV,NAV,
NB Ridaz,NB Ridaz,
Nelly,Nelly,
"Nelly, P. Diddy & Murphy Lee",Nelly,"P. Diddy,Murphy Lee"
Neneh Cherry,Neneh Cherry,
New Boyz,New Boyz,
NF,NF,
Nice & Smooth,Nice & Smooth,
Nick Cannon,Nick Cannon,
Nicki Minaj,Nicki Minaj,
Nicki Minaj & Lil Wayne,Nicki Minaj,Lil Wayne
Nicki Minaj X Mike WiLL Made-It,Nicki Minaj,Mike WiLL Made-It
"Nicki Minaj, Drake & Lil Wayne","Nicki Minaj, Drake & Lil Wayne","Drake,Lil Wayne"
Nikki D,Nikki D,
Nine,Nine,
No Good,No Good,
No Good-N-Jiggie,No Good-N-Jiggie,
Nonchalant,Nonchalant,
Noreaga,Noreaga,
NX,NX,
O,O,
O.C.,O.C.,
O.G.C.,O.G.C.,
O.T. Genasis,O.T. Genasis,
Oaktown's 3.5.7,Oaktown's 3.5.7,
Obie Trice,Obie Trice,
Offset & Metro Boomin,Offset,
OG Maco,OG Maco,
OJ Da Juiceman,OJ Da Juiceman,
Ol' Dirty Bastard,Ol' Dirty Bastard,
One And One,One And One,
Onyx,Onyx,
Onyx + Wu-Tang Clan,Onyx,Wu-Tang Clan
Organized Konfusion,Organized Konfusion,
Original P Introducing Hyped Up Westbound Soljaz,Original P Introducing Hyped Up Westbound Soljaz,
Out Of Order,Out Of Order,
OutKast,OutKast,
P-LO,P-LO,
P. Diddy,P. Diddy,
P. Diddy & Ginuwine,P. Diddy,Ginuwine
"P. Diddy, Black Rob & Mark Curry",P. Diddy,"Black Rob,Mark Curry"
P.A. (Parental Advisory),P.A. (Parental Advisory),
P$C,P$C,
Papa Seville,Papa Seville,
Paperboy,Paperboy,
Partners In Kryme,Partners In Kryme,
Patra,Patra,
Paul Wall,Paul Wall,
Penthouse Players Clique,Penthouse Players Clique,
Pete Rock & C.L. Smooth,Pete Rock & C.L. Smooth,
Petey Pablo,Petey Pablo,
Pharoahe Monch,Pharoahe Monch,
Pharrell,Pharrell,
Phatty Banks Presents Club Drama,Phatty Banks Presents Club Drama,
Phenomenon,Phenomenon,
Phife Dawg,Phife Dawg,
Philly's Most Wanted,Philly's Most Wanted,
Pitbull,Pitbull,
Pitbull & Ne-Yo,Pitbull,Ne-Yo
Play-N-Skillz,Play-N-Skillz,
Playaz Circle,Playaz Circle,
Playboi Carti,Playboi Carti,
Players For Life,Players For Life,
Plies,Plies,
PnB Rock,PnB Rock,
Po' White Trash And The Trailer Park Symphony,Po' White Trash And The Trailer Park Symphony,
Poison Clan,Poison Clan,
Poizon Posse,Poizon Posse,
Poor Righteous Teachers,Poor Righteous Teachers,
Poppa Doo,Poppa Doo,
Positive K,Positive K,
Post Malone,Post Malone,
Power Jam,Power Jam,
Pras Michel,Pras Michel,
Pretty Ricky,Pretty Ricky,
Pretty Willie,Pretty Willie,
Prince Markie Dee And The Soul Convention,Prince Markie Dee And The Soul Convention,
Private Investigators,Private Investigators,
Prodigy,Prodigy,
Professor Griff,Professor Griff,
Profitt,Profitt,
PSY,PSY,
Psycho Vs. Iriscience,Psycho Vs. Iriscience,
Psycster,Psycster,
Public Enemy,Public Enemy,
Puff Daddy,Puff Daddy,
Puff Daddy (,Puff Daddy,
Puff Daddy & Faith Evans,Puff Daddy,Faith Evans
Puff Daddy & The Family,Puff Daddy,
Puff Daddy & The Family (,Puff Daddy,
Purple Ribbon All-Stars,Purple Ribbon All-Stars,
Q-Tip,Q-Tip,
QB Finest,QB Finest,
Quad City DJ's,Quad City DJ's,
QUE.,QUE.,
Queen Latifah,Queen Latifah,
Queen Pen,Queen Pen,
Questionmark Asylum,Questionmark Asylum,
R. Kelly & Jay-Z,R. Kelly,Jay-Z
R. Kelly Or Bow Wow (,R. Kelly,Bow Wow
"R.L., Snoop Dogg & Lil' Kim",R.L.,"Snoop Dogg,Lil' Kim"
Rae Sremmurd,Rae Sremmurd,
Raekwon,Raekwon,
Rah Digga,Rah Digga,
Raheem,Raheem,
Rahzel,Rahzel,
Raise Up Click,Raise Up Click,
Rakim,Rakim,
Ram Squad,Ram Squad,
Rampage,Rampage,
Rappin' 4-Tay,Rappin' 4-Tay,
Ras Kass,Ras Kass,
Rasheeda,Rasheeda,
Rayvon,Rayvon,
RBL Posse,RBL Posse,
Red Bandit,Red Bandit,
Red Cafe,Red Cafe,
Redd Eyezz,Redd Eyezz,
Redhead Kingpin,Redhead Kingpin,
Redhead Kingpin & The F.B.I.,Redhead Kingpin & The F.B.I.,
Redman,Redman,
Redman/Method Man,Redman,Method Man
Refugee Camp All Stars,Refugee Camp All Stars,
Remy Ma,Remy Ma,
RiceGum,RiceGum,
Rich Boy,Rich Boy,
Rich Gang,Rich Gang,
Rich Homie Quan,Rich Homie Quan,
Richie Rich,Richie Rich,
Rick Ross,Rick Ross,
Rihanna,Rihanna,
Rising Son,Rising Son,
Rob $tone,Rob $tone,
Rob Base,Rob Base,
Rob Base & D.J. E-Z Rock,Rob Base,D.J. E-Z Rock
Rocko,Rocko,
Rodney O,Rodney O,
Rodney O & Joe Cooley,Rodney O,Joe Cooley
Ron Browz,Ron Browz,
Ronny Jordan,Ronny Jordan,
Roscoe Dash,Roscoe Dash,
Rottin Razkals,Rottin Razkals,
Rough House Survivers,Rough House Survivers,
"Roy Jones, Jr.","Roy Jones, Jr.",
Royal Flush,Royal Flush,
Rozelly Presents Da Fam,Rozelly Presents Da Fam,
Rufus Blaq,Rufus Blaq,
Rumpletilskinz,Rumpletilskinz,
Run-D.M.C.,Run-D.M.C.,
Runaway Slaves,Runaway Slaves,
Russ,Russ,
Sadat X,Sadat X,
Sage The Gemini,Sage The Gemini,
Salt-N-Pepa,Salt-N-Pepa,
Sam Sneed,Sam Sneed,
Savage,Savage,
Scarface,Scarface,
ScHoolboy Q,ScHoolboy Q,
Screwball,Screwball,
Sean Paul,Sean Paul,
Sean Paul & Mr. Vegas,Sean Paul,Mr. Vegas
Self,Self,
Serious-Lee-Fine,Serious-Lee-Fine,
Shabba Ranks,Shabba Ranks,
Shabba Ranks/Queen Latifah,Shabba Ranks,Queen Latifah
Shaggy,Shaggy,
"Shamus, Flu, Karachi-Raw, Skar & Maximillan",Shamus,"Flu,Karachi-Raw,Skar,Maximillan"
Shaqueen,Shaqueen,
Shaquille O'Neal,Shaquille O'Neal,
"Shaquille O'Neal, Ice Cube, B Real, Peter Gunz & KRS-One",Shaquille O'Neal,"Ice Cube,B Real,Peter Gunz,KRS-One"
Shawnie Ranks,Shawnie Ranks,
Shawnna,Shawnna,
Shawty Lo,Shawty Lo,
Sheek Louch,Sheek Louch,
Sherm,Sherm,
Shop Boyz,Shop Boyz,
Showbiz & A.G.,Showbiz & A.G.,
Shyheim,Shyheim,
Shyne,Shyne,
Silento,Silento,
Silk Tymes Leather,Silk Tymes Leather,
Silkk The Shocker,Silkk The Shocker,
Simple E,Simple E,
Sir Mix-A-Lot,Sir Mix-A-Lot,
Sister Souljah,Sister Souljah,
Skillz,Skillz,
Skrillex & Rick Ross,Skrillex,Rick Ross
Slick Rick,Slick Rick,
Slim,Slim,
Slim Thug,Slim Thug,
Slimm Calhoun,Slimm Calhoun,
Slum Village,Slum Village,
Smilez & Southstar,Smilez & Southstar,
Smoothe Da Hustler,Smoothe Da Hustler,
Smut Peddlers,Smut Peddlers,
Snap!,Snap!,
Snoop Dogg,Snoop Dogg,
Snoop Dogg & Wiz Khalifa,Snoop Dogg,Wiz Khalifa
Snoop Dogg Presents Doggys Angels,Snoop Dogg,
Snoop Dogg Presents Tha Eastsidaz,Snoop Dogg,
Snoop Doggy Dogg,Snoop Dogg,
Snootie Wild,Snootie Wild,
Snootie Wild & Yo Gotti & DJ Drama,Snootie Wild,"Yo Gotti,DJ Drama"
Snow,Snow,
Sole,Sole,
Son Of Bazerk,Son Of Bazerk,
Son Of Bazerk/No Self Control,Son Of Bazerk,No Self Control
Soulja Boy,Soulja Boy,
Soulja Boy Tell 'em,Soulja Boy,
Soulja Boy Tell'em,Soulja Boy,
Souls Of Mischief,Souls Of Mischief,
South Central Cartel,South Central Cartel,
Special Ed,Special Ed,
Spice 1,Spice 1,
Spooks,Spooks,
Sporty Thievz,Sporty Thievz,
Stagga Lee,Stagga Lee,
Steady B,Steady B,
Stetsasonic (,Stetsasonic,
"Steve Aoki, Chris Lake & Tujamo",Steve Aoki,"Chris Lake,Tujamo"
Stezo,Stezo,
Sting & The Police,The Police,
Strik 9ine,Strik 9ine,
Strings,Strings,
Styles,Styles,
Styles P,Styles P,
Success-N-Effect,Success-N-Effect,
Sudden Change,Sudden Change,
Suga Free,Suga Free,
Suicide,Suicide,
Sunni Black,Sunni Black,
Super Cat,Super Cat,
Superb,Superb,
Survivalist,Survivalist,
Sway & King Tech,Sway & King Tech,
Swizz Beatz,Swizz Beatz,
Sylk Smoov,Sylk Smoov,
Sylk-E. Fyne,Sylk-E. Fyne,
T-Ski,T-Ski,
T-Wayne,T-Wayne,
T.C.F.,T.C.F.,
T.D.C.,T.D.C.,
T.I.,T.I.,
T.O.K.,T.O.K.,
T.W.D.Y.,T.W.D.Y.,
Tag Team,Tag Team,
Talib Kweli,Talib Kweli,
Talib Kweli & Hi-Tek,Talib Kweli,Hi-Tek
Tanto Metro & Devonte,Tanto Metro,Devonte
TaTa + Brando,TaTa + Brando,
Tay-K,Tay-K,
Tech N9ne,Tech N9ne,
Tech N9Ne,Tech N9ne,
Tee Grizzley,Tee Grizzley,
Tee Kee,Tee Kee,
Tee Kee & Diamon Ra'mone,Tee Kee,Diamon Ra'mone
TeeFLii,TeeFLii,
Tela,Tela,
Terminator X,Terminator X,
Terror Fabulous,Terror Fabulous,
Terror Squad,Terror Squad,
Tha Alkaholiks,Tha Alkaholiks,
Tha Dogg Pound,Tha Dogg Pound,
Tha Liks,Tha Liks,
The 2 Live Crew,The 2 Live Crew,
The 2 Live Crew (,The 2 Live Crew,
The Alliance,The Alliance,
The Almighty RSO,The Almighty RSO,
The Bad Seed,The Bad Seed,
The Beatnuts,The Beatnuts,
The Black Eyed Peas,The Black Eyed Peas,
The Click,The Click,
The College Boyz,The College Boyz,
The Conscious Daughters,The Conscious Daughters,
The D.E.Y.,The D.E.Y.,
The D.O.C.,The D.O.C.,
The Dogs,The Dogs,
The Dove Shack,The Dove Shack,
The FiNATTiCZ,The FiNATTiCZ,
The Fixxers AKA DJ Quik & AMG,The Fixxers AKA DJ Quik & AMG,
The Flavor Unit MC's,The Flavor Unit MC's,
The Future Sound,The Future Sound,
The Game,The Game,
The High & Mighty,The High & Mighty,
The Jaz,The Jaz,
The Jungle Bros.,The Jungle Bros.,
The Lady Of Rage,The Lady Of Rage,
The Lox,The Lox,
The Lox [,The Lox [,
The Notorious B.I.G.,The Notorious B.I.G.,
The Notorious B.I.G. & 50 Cent,The Notorious B.I.G.,50 Cent
The Pack,The Pack,
The Party Boyz,The Party Boyz,
The Pharcyde,The Pharcyde,
The Psycho Realm,The Psycho Realm,
The Puppies,The Puppies,
The Rawlo Boys,The Rawlo Boys,
The Roots,The Roots,
The Stop The Violence Movement,The Stop The Violence Movement,
The UBC,The UBC,
The West Coast Rap All-Stars,The West Coast Rap All-Stars,
The Whoridas,The Whoridas,
The Young And The Restless,The Young And The Restless,
The Young Millionaires,The Young Millionaires,
Threat,Threat,
Three 6 Mafia,Three 6 Mafia,
"Three The... G. Dep, P. Diddy & Black Rob",G. Dep,"P. Diddy,Black Rob"
Three Times Dope,Three Times Dope,
Thug Life,Thug Life,
Tim Dog,Tim Dog,
Timbaland,Timbaland,
Timbaland & Magoo,Magoo,Timbaland
Tinie Tempah,Tinie Tempah,
Tone-Loc,Tone-Loc,
Tony Matterhorn,Tony Matterhorn,
Tony Yayo,Tony Yayo,
Tony-O,Tony-O,
Too $hort,Too $hort,
Tracey Lee,Tracey Lee,
Track Squad,Track Squad,
"Tragedy, Capone, Infinite",Tragedy,"Capone,Infinite"
Trap Starz Clik,Trap Starz Clik,
Trapp,Trapp,
"Trapp, Tupac & Notorious B.I.G.",Trapp,"Tupac,Notorious B.I.G."
Travi$ Scott,Travi$ Scott,
Travie McCoy,Travie McCoy,
Travis Porter,Travis Porter,
Travis Scott,Travis Scott,
Trends Of Culture,Trends Of Culture,
Trick Daddy,Trick Daddy,
Trig,Trig,
Trillville,Trillville,
Trina,Trina,
Trinidad James,Trinidad James,
Trique-Dik-Slik,Trique-Dik-Slik,
Tru,Tru,
True Culture,True Culture,
Tuff Crew,Tuff Crew,
Tupac,2Pac,
Tupac With Eminem,2Pac,Eminem
Twin Hype,Twin Hype,
Twinz,Twinz,
Twista,Twista,
Twista & The Speed Knot Mobstaz,Twista,The Speed Knot Mobstaz
Ty Dolla $ign,Ty Dolla $ign,
Tyga,Tyga,
"Tyler, The Creator","Tyler, The Creator",
U-God,U-God,
UGK,UGK,
Ultramagnetic MC's,Ultramagnetic MC's,
UMC's,UMC's,
Unk,Unk,
US3,US3,
Uzi$ Bros,Uzi$ Bros,
V.I.C.,V.I.C.,
Vanilla Ice,Vanilla Ice,
Vicious,Vicious,
Vicious Base,Vicious Base,
Vicious Beat Posse,Vicious Beat Posse,
Violator,Violator,
Waka Flocka Flame,Waka Flocka Flame,
Wale,Wale,
Warren G,Warren G,
Way 2 Real,Way 2 Real,
Wayne Wonder,Wayne Wonder,
WC,WC,
WC From Westside Connection,WC From Westside Connection,
We Are Toonz,We Are Toonz,
Webbie,Webbie,
Webstar & Jim Jones,Webstar,Jim Jones
Webstar & Young B,Webstar,Young B
Westside Connection,Westside Connection,
White Dawg,White Dawg,
Will Smith,Will Smith,
will.i.am,will.i.am,
will.i.am & Nicki Minaj,will.i.am,Nicki Minaj
Willie D,Willie D,
Wisin,Wisin,
Wiz Khalifa,Wiz Khalifa,
Wiz Khalifa & Iggy Azalea,Wiz Khalifa,Iggy Azalea
Wiz Khalifa Feautring Project Pat & Juicy J,Wiz Khalifa,Project Pat & Juicy J
Won-G,Won-G,
Wreckx-N-Effect,Wreckx-N-Effect,
Wu-Tang Clan,Wu-Tang Clan,
Wyclef Jean,Wyclef Jean,
X-Con,X-Con,
XClan,XClan,
XXXTentacion,XXXTentacion,
Xzibit,Xzibit,
Y'all So Stupid,Y'all So Stupid,
YBN Nahmir,YBN Nahmir,
YC,YC,
YelaWolf,YelaWolf,
YFN Lucci,YFN Lucci,
YG,YG,
Ying Yang Twins,Ying Yang Twins,
Yo Gotti,Yo Gotti,
Yo-Yo,Yo-Yo,
Yomo & Maulkie,Yomo & Maulkie,
Young And Restless,Young And Restless,
Young Black Teenagers,Young Black Teenagers,
Young Buck,Young Buck,
Young Dro,Young Dro,
Young Greatness,Young Greatness,
Young Gunz,Young Gunz,
Young Jeezy,Young Jeezy,
Young M.A,Young M.A,
Young M.C.,Young M.C.,
Young Money,Young Money,
Young Phantom,Young Phantom,
Young Thug,Young Thug,
Young Thug And Travis Scott,Young Thug,Travis Scott
YoungBloodZ,YoungBloodZ,
Yung Berg,Yung Berg,
Yung Joc,Yung Joc,
Yung L.A.,Yung L.A.,
Yung Wun,Yung Wun,
Zay Hilfigerrr & Zayion McCall,Zay Hilfigerrr & Zayion McCall,
Zhigge,Zhigge,
Offset,Offset,
David Bowie,David Bowie,
Lil Durk,Lil Durk,
R. Kelly,R. Kelly,
Fatman Scoop,Fatman Scoop,
Capone-N-Noreaga,Capone-N-Noreaga,
Large Professor,Large Professor,
Stetsasonic,Stetsasonic,
The Inc.,The Inc.,
Magoo,Magoo,
DJ Jazzy Jeff & The Fresh Prince,DJ Jazzy Jeff & The Fresh Prince,
N*E*R*D,N*E*R*D,
